route_point,x,y
0,0.0,0.0
1,0,0
2,-0.0136,-0.0191
3,0.0238,-0.0191
4,0.0612,-0.0191
5,0.0987,-0.0191
6,0.1361,-0.0191
7,0.1736,-0.0191
8,0.211,-0.0191
9,0.2484,-0.0191
10,0.2859,-0.0191
11,0.3233,-0.0191
12,0.3607,-0.0229
13,0.3982,-0.0229
14,0.4356,-0.0229
15,0.4731,-0.0229
16,0.5105,-0.0229
17,0.5479,-0.0266
18,0.5854,-0.0266
19,0.6228,-0.0266
20,0.6603,-0.0266
21,0.6977,-0.0304
22,0.7351,-0.0304
23,0.7726,-0.0341
24,0.81,-0.0341
25,0.8475,-0.0341
26,0.8849,-0.0379
27,0.9223,-0.0379
28,0.9598,-0.0416
29,0.9972,-0.0416
30,1.0347,-0.0416
31,1.0721,-0.0416
32,1.1095,-0.0416
33,1.147,-0.0379
34,1.1807,-0.0266
35,1.1919,-0.0266
36,1.1957,0.0108
37,1.1957,0.0482
38,1.1919,0.0857
39,1.1882,0.1231
40,1.1844,0.1606
41,1.1807,0.198
42,1.1807,0.2354
43,1.1807,0.2729
44,1.1807,0.3103
45,1.1807,0.3478
46,1.1807,0.3852
47,1.1769,0.4226
48,1.1769,0.4601
49,1.1769,0.4975
50,1.1769,0.535
51,1.1769,0.5724
52,1.1769,0.6098
53,1.1807,0.6473
54,1.1844,0.6847
55,1.1844,0.7222
56,1.1882,0.7596
57,1.1882,0.797
58,1.1882,0.8345
59,1.1882,0.8719
60,1.1919,0.9094
61,1.1919,0.9468
62,1.1919,0.9842
63,1.1919,1.0217
64,1.1882,1.0329
65,1.2256,1.0329
66,1.263,1.0329
67,1.3005,1.0292
68,1.3379,1.0292
69,1.3754,1.0254
70,1.4128,1.0254
71,1.4502,1.0254
72,1.4877,1.0217
73,1.5251,1.0217
74,1.5626,1.0217
75,1.6,1.0217
76,1.6374,1.0217
77,1.6749,1.0217
78,1.7123,1.0254
79,1.7498,1.0292
80,1.7872,1.0329
81,1.8246,1.0329
82,1.8621,1.0329
83,1.8995,1.0367
84,1.937,1.0367
85,1.9744,1.0367
86,1.9894,1.0367
87,1.9969,2.055
88,1.55,2.05
