time,true_x,true_y,true_theta,odom_x,odom_y,odom_theta
0,0,0,-2.1901368477411056,0,0,-2.1901368477411056
0.1,-0.0036048320410207836,-0.00710820818800751,-1.8901368477411054,-0.0036048320410207836,-0.00710820818800751,-1.8901368477411054
0.2,-0.004949162470157994,-0.014964194863833408,-1.5915405917635073,-0.004949162470157994,-0.014964194863833408,-1.5915405917635073
0.3,-0.003985078722885986,-0.02287961670366173,-1.3101489269831912,-0.003985078722885986,-0.02287961670366173,-1.3101489269831912
0.4,-0.0009334347115122708,-0.03034166098654344,-1.0686447159689332,-0.0009334347115122708,-0.03034166098654344,-1.0686447159689332
0.5,0.005217703861662722,-0.03880403906712014,-0.828795006918501,0.005217703861662722,-0.03880403906712014,-0.828795006918501
0.6,0.015569662221957978,-0.047987462036141515,-0.6331937448533607,0.015569662221957978,-0.047987462036141515,-0.6331937448533607
0.7000000000000001,0.029996105481752144,-0.056244890442209684,-0.4124001581889099,0.029996105481752144,-0.056244890442209684,-0.4124001581889099
0.8,0.04864826246923438,-0.0626187650178341,-0.29379274425075236,0.04864826246923438,-0.0626187650178341,-0.29379274425075236
0.9,0.0691385445254119,-0.06755492000571578,-0.1783298744532373,0.0691385445254119,-0.06755492000571578,-0.1783298744532373
1,0.09082718076406107,-0.07111111774502812,-0.15853275936897596,0.09082718076406107,-0.07111111774502812,-0.15853275936897596
1.1,0.11327857720200574,-0.07355493478761223,-0.05730239530987258,0.11327857720200574,-0.07355493478761223,-0.05730239530987258
1.2,0.1372380032917274,-0.07418623933952877,0.0323363887654421,0.1372380032917274,-0.07418623933952877,0.0323363887654421
1.3,0.16193886625529197,-0.07375794780469658,0.007384051444558032,0.16193886625529197,-0.07375794780469658,0.007384051444558032
1.4000000000000001,0.1875583781810667,-0.07273791365474781,0.07358902684981328,0.1875583781810667,-0.07273791365474781,0.07358902684981328
1.5,0.2142894250421346,-0.07036758057459994,0.141739344712279,0.2142894250421346,-0.07036758057459994,0.141739344712279
1.6,0.24238994317400145,-0.06721451342602186,0.081739344712279,0.24238994317400145,-0.06721451342602186,0.081739344712279
1.7,0.2707125260705133,-0.06403652911716319,0.141739344712279,0.2707125260705133,-0.06403652911716319,0.141739344712279
1.8,0.29973564901420485,-0.06077993950292689,0.081739344712279,0.29973564901420485,-0.06077993950292689,0.081739344712279
1.9000000000000001,0.32974768951028427,-0.055916698580056066,0.141739344712279,0.32974768951028427,-0.055916698580056066,0.141739344712279
2,0.36042158758223203,-0.050596373684175834,0.201739344712279,0.36042158758223203,-0.050596373684175834,0.201739344712279
2.1,0.39158274386658104,-0.04572323716461327,0.1599548908891164,0.39158274386658104,-0.04572323716461327,0.1599548908891164
2.2,0.42292470945164556,-0.042051765521379104,0.1047480052008099,0.42292470945164556,-0.042051765521379104,0.1047480052008099
2.3000000000000003,0.4542753749370549,-0.0390999199544634,0.06247071788980771,0.4542753749370549,-0.0390999199544634,0.06247071788980771
2.4,0.48560775918764415,-0.03619430535562765,0.1224707178898077,0.48560775918764415,-0.03619430535562765,0.1224707178898077
2.5,0.5165174891891128,-0.03332788567878324,0.06247071788980771,0.5165174891891128,-0.03332788567878324,0.06247071788980771
2.6,0.546958760373575,-0.03050490861922455,0.1224707178898077,0.546958760373575,-0.03050490861922455,0.1224707178898077
2.7,0.5767015198602351,-0.02774670817450496,0.06247071788980771,0.5767015198602351,-0.02774670817450496,0.06247071788980771
2.8000000000000003,0.6062482575049829,-0.025364536632148157,0.002470717889807711,0.6062482575049829,-0.025364536632148157,0.002470717889807711
2.9,0.6364757797807851,-0.024382682187632246,0.06247071788980771,0.6364757797807851,-0.024382682187632246,0.06247071788980771
3,0.6663912338667485,-0.023410964384035476,0.002470717889807718,0.6663912338667485,-0.023410964384035476,0.002470717889807718
3.1,0.6964286215156729,-0.02243528591804512,0.06247071788980771,0.6964286215156729,-0.02243528591804512,0.06247071788980771
3.2,0.7258344710955827,-0.02148012115656171,0.002470717889807711,0.7258344710955827,-0.02148012115656171,0.002470717889807711
3.3000000000000003,0.7550696909410072,-0.020889711893445823,-0.057529282110192294,0.7550696909410072,-0.020889711893445823,-0.057529282110192294
3.4,0.7855541947058741,-0.02172914046512291,0.002470717889807704,0.7855541947058741,-0.02172914046512291,0.002470717889807704
3.5,0.815528712460858,-0.022554525940308965,-0.057529282110192294,0.815528712460858,-0.022554525940308965,-0.057529282110192294
3.6,0.845842588650453,-0.02338925607034817,0.002470717889807704,0.845842588650453,-0.02338925607034817,0.002470717889807704
3.7,0.8762441959894944,-0.024979599586103574,-0.0575292821101923,0.8762441959894944,-0.024979599586103574,-0.0575292821101923
3.8000000000000003,0.9075322707203785,-0.027673182378382285,-0.10104207037248825,0.9075322707203785,-0.027673182378382285,-0.10104207037248825
3.9,0.9388968398980534,-0.02990514245590483,-0.041042070372488255,0.9388968398980534,-0.02990514245590483,-0.041042070372488255
4,0.9702357972211427,-0.03169963189179325,-0.08565737590732073,0.9702357972211427,-0.03169963189179325,-0.08565737590732073
4.1,1.001479364589494,-0.03344036468470502,-0.02565737590732073,1.001479364589494,-0.03344036468470502,-0.02565737590732073
4.2,1.031737636762164,-0.03512620183661652,-0.08565737590732073,1.031737636762164,-0.03512620183661652,-0.08565737590732073
4.3,1.0601048544494405,-0.03670667904300395,-0.02565737590732073,1.0601048544494405,-0.03670667904300395,-0.02565737590732073
4.4,1.080454019637055,-0.037163018885406816,0.001859408352374435,1.080454019637055,-0.037163018885406816,0.001859408352374435
4.5,1.0975527271044137,-0.03594610776053754,0.14964843441304282,1.0975527271044137,-0.03594610776053754,0.14964843441304282
4.6000000000000005,1.1138246549414434,-0.032737560785763155,0.23943742904862028,1.1138246549414434,-0.032737560785763155,0.23943742904862028
4.7,1.128674871022595,-0.027384402433991418,0.3967197277624033,1.128674871022595,-0.027384402433991418,0.3967197277624033
4.8,1.1432928279425176,-0.019836461850668174,0.5554687907071536,1.1432928279425176,-0.019836461850668174,0.5554687907071536
4.9,1.1574995114294597,-0.009964201847827203,0.7160965610839636,1.1574995114294597,-0.009964201847827203,0.7160965610839636
5,1.1704952221043825,0.0021048422945652615,0.7812314209133054,1.1704952221043825,0.0021048422945652615,0.7812314209133054
5.1000000000000005,1.1824983514120246,0.01590701803166044,0.9284267647506066,1.1824983514120246,0.01590701803166044,0.9284267647506066
5.2,1.1931143969842697,0.03190772912238603,1.0652406819040467,1.1931143969842697,0.03190772912238603,1.0652406819040467
5.3,1.2024065924368788,0.04954886357283425,1.1085913249326278,1.2024065924368788,0.04954886357283425,1.1085913249326278
5.4,1.2101935490354374,0.06827023246324608,1.2442990197385835,1.2101935490354374,0.06827023246324608,1.2442990197385835
5.5,1.2168802394384088,0.0885792683187032,1.2640177851677343,1.2168802394384088,0.0885792683187032,1.2640177851677343
5.6000000000000005,1.2221016533363955,0.10941097773729325,1.3863591952149363,1.2221016533363955,0.10941097773729325,1.3863591952149363
5.7,1.2262759095604034,0.13167599995648566,1.3882254212305865,1.2262759095604034,0.13167599995648566,1.3882254212305865
5.8,1.228785280072586,0.1547819281087148,1.4810463848863,1.228785280072586,0.1547819281087148,1.4810463848863
5.9,1.2299576684805904,0.17902168291824128,1.5651877329113115,1.2299576684805904,0.17902168291824128,1.5651877329113115
6,1.2304106554914065,0.2042387811313502,1.532817075510742,1.2304106554914065,0.2042387811313502,1.532817075510742
6.1000000000000005,1.2297729977197385,0.22992600542346012,1.6031507716820825,1.2297729977197385,0.22992600542346012,1.6031507716820825
6.2,1.2281139419390394,0.2564246223877946,1.6637363302482275,1.2281139419390394,0.2564246223877946,1.6637363302482275
6.3,1.224675680497412,0.28425056695341266,1.7237363302482276,1.224675680497412,0.28425056695341266,1.7237363302482276
6.4,1.2200599570699833,0.3128445398885606,1.7837363302482276,1.2200599570699833,0.3128445398885606,1.7837363302482276
6.5,1.2145308728069968,0.3427301056364595,1.7237363302482276,1.2145308728069968,0.3427301056364595,1.7237363302482276
6.6000000000000005,1.2089155846761626,0.373081616781055,1.7837363302482276,1.2089155846761626,0.373081616781055,1.7837363302482276
6.7,1.2032270962017924,0.40382878723837873,1.7237363302482276,1.2032270962017924,0.40382878723837873,1.7237363302482276
6.8,1.1975001227784785,0.43478397486767095,1.7837363302482276,1.1975001227784785,0.43478397486767095,1.7837363302482276
6.9,1.1919651521995456,0.4647013570744736,1.7237363302482276,1.1919651521995456,0.4647013570744736,1.7237363302482276
7,1.1865731224151572,0.4938461219164056,1.7837363302482276,1.1865731224151572,0.4938461219164056,1.7837363302482276
7.1000000000000005,1.181998375304254,0.5224405571420963,1.7237363302482276,1.181998375304254,0.5224405571420963,1.7237363302482276
7.2,1.1784575776364576,0.5510963302108067,1.6637363302482275,1.1784575776364576,0.5510963302108067,1.6637363302482275
7.3,1.1749424588021915,0.5795442837723462,1.7237363302482276,1.1749424588021915,0.5795442837723462,1.7237363302482276
7.4,1.1728110274784211,0.6081152285837037,1.6637363302482275,1.1728110274784211,0.6081152285837037,1.6637363302482275
7.5,1.1717070242511067,0.6370579110143911,1.6037363302482275,1.1717070242511067,0.6370579110143911,1.6037363302482275
7.6000000000000005,1.1716198454652111,0.6667104390128237,1.5437363302482274,1.1716198454652111,0.6667104390128237,1.5437363302482274
7.7,1.1715319645383346,0.6966017895054876,1.6037363302482275,1.1715319645383346,0.6966017895054876,1.6037363302482275
7.8,1.1714445379890719,0.7263385904162917,1.5437363302482274,1.1714445379890719,0.7263385904162917,1.5437363302482274
7.9,1.1724526936984827,0.756418195927394,1.4837363302482274,1.1724526936984827,0.756418195927394,1.4837363302482274
8,1.1742103970208615,0.7871892336476164,1.5437363302482274,1.1742103970208615,0.7871892336476164,1.5437363302482274
8.1,1.1759667404286935,0.8179364641750809,1.4837363302482274,1.1759667404286935,0.8179364641750809,1.4837363302482274
8.2,1.1777498608724386,0.8491524639035962,1.5437363302482274,1.1777498608724386,0.8491524639035962,1.5437363302482274
8.3,1.179533385512466,0.8803755396493648,1.4837363302482274,1.179533385512466,0.8803755396493648,1.4837363302482274
8.4,1.1811923227559193,0.9088394134220225,1.4358493045821368,1.1811923227559193,0.9088394134220225,1.4358493045821368
8.5,1.1840727591568352,0.9293145647831395,1.4082434917832638,1.1840727591568352,0.9293145647831395,1.4082434917832638
8.6,1.1883278528274648,0.9471108932435685,1.2640426820362225,1.1883278528274648,0.9471108932435685,1.2640426820362225
8.700000000000001,1.194673115848501,0.9629882506356917,1.117694490344406,1.194673115848501,0.9629882506356917,1.117694490344406
8.8,1.2031629207571652,0.9788933366011162,1.042802246887829,1.2031629207571652,0.9788933366011162,1.042802246887829
8.9,1.2130999955002664,0.9933446063808556,0.8937164869471843,1.2130999955002664,0.9933446063808556,0.8937164869471843
9,1.2247067841590231,1.0067782468114281,0.8223776409501348,1.2247067841590231,1.0067782468114281,0.8223776409501348
9.1,1.2381775839472322,1.019239532054407,0.6709951498175999,1.2381775839472322,1.019239532054407,0.6709951498175999
9.200000000000001,1.254205720935793,1.0304000798804207,0.5452044824169069,1.254205720935793,1.0304000798804207,0.5452044824169069
9.3,1.271566676950435,1.040385159833708,0.49675625136053536,1.271566676950435,1.040385159833708,0.49675625136053536
9.4,1.2911000796738583,1.0487270195731941,0.3890997595894477,1.2911000796738583,1.0487270195731941,0.3890997595894477
9.5,1.3114114014510763,1.0557276188749538,0.27395716941609355,1.3114114014510763,1.0557276188749538,0.27395716941609355
9.6,1.3327686753383854,1.0614990746215083,0.2605234964422233,1.3327686753383854,1.0614990746215083,0.2605234964422233
9.700000000000001,1.354221008844452,1.0659687414480297,0.14942656365553503,1.354221008844452,1.0659687414480297,0.14942656365553503
9.8,1.3771433828130677,1.0692984452651066,0.1486809242383222,1.3771433828130677,1.0692984452651066,0.1486809242383222
9.9,1.4002551509923642,1.071569971743841,0.04671000821565639,1.4002551509923642,1.071569971743841,0.04671000821565639
10,1.4244896152179,1.0730431358131753,0.07018519727246383,1.4244896152179,1.0730431358131753,0.07018519727246383
10.1,1.4490133000758874,1.0736809330665589,-0.012662385911166398,1.4490133000758874,1.0736809330665589,-0.012662385911166398
10.200000000000001,1.4737803622809258,1.073756850435999,0.013756730641741113,1.4737803622809258,1.073756850435999,0.013756730641741113
10.3,1.4993617937844887,1.0732747886881735,-0.052810246186598846,1.4993617937844887,1.0732747886881735,-0.052810246186598846
10.4,1.5257749238920344,1.0714895596178617,-0.12107038017473543,1.5257749238920344,1.0714895596178617,-0.12107038017473543
10.5,1.5530627375230293,1.0686465962779186,-0.18107038017473542,1.5530627375230293,1.0686465962779186,-0.18107038017473542
10.6,1.5823356384783944,1.0641903759714488,-0.12107038017473543,1.5823356384783944,1.0641903759714488,-0.12107038017473543
10.700000000000001,1.6126464895415664,1.0595761482862585,-0.18107038017473542,1.6126464895415664,1.0595761482862585,-0.18107038017473542
10.8,1.6437226381378174,1.055076567889053,-0.11069027933494502,1.6437226381378174,1.055076567889053,-0.11069027933494502
10.9,1.6747522884721924,1.0506819641457685,-0.17069027933494502,1.6747522884721924,1.0506819641457685,-0.17069027933494502
11,1.7054517397755165,1.0463341251543348,-0.11069027933494502,1.7054517397755165,1.0463341251543348,-0.11069027933494502
11.1,1.7357303962645654,1.0420458816287224,-0.17069027933494502,1.7357303962645654,1.0420458816287224,-0.17069027933494502
11.200000000000001,1.7649378177257922,1.0379093527828591,-0.11069027933494502,1.7649378177257922,1.0379093527828591,-0.11069027933494502
11.3,1.795098526192563,1.035470381175387,-0.05069027933494502,1.795098526192563,1.035470381175387,-0.05069027933494502
11.4,1.8251981289228476,1.0330363509358043,-0.11069027933494502,1.8251981289228476,1.0330363509358043,-0.11069027933494502
11.5,1.8546919965177242,1.0306513039884588,-0.05069027933494502,1.8546919965177242,1.0306513039884588,-0.05069027933494502
11.6,1.862665477025318,1.0311160954803318,0.1656717589471216,1.862665477025318,1.0311160954803318,0.1656717589471216
11.700000000000001,1.8705755592532913,1.0330845874070265,0.3141141493260277,1.8705755592532913,1.0330845874070265,0.3141141493260277
11.8,1.8800536870449522,1.0372070830816462,0.49816583524413166,1.8800536870449522,1.0372070830816462,0.49816583524413166
11.9,1.8913476427605924,1.044224087313666,0.6053726047343357,1.8913476427605924,1.044224087313666,0.6053726047343357
12,1.9034556683190202,1.054161264742198,0.765250263418596,1.9034556683190202,1.054161264742198,0.765250263418596
12.1,1.9159460380903848,1.0671483226886322,0.8392411661248834,1.9159460380903848,1.0671483226886322,0.8392411661248834
12.200000000000001,1.92809970665354,1.0827873994893287,0.9788708775651822,1.92809970665354,1.0827873994893287,0.9788708775651822
12.3,1.939746390625067,1.1010814603942018,1.0251390868577692,1.939746390625067,1.1010814603942018,1.0251390868577692
12.4,1.9504481345370872,1.1214598943397296,1.1479477531097622,1.9504481345370872,1.1214598943397296,1.1479477531097622
12.5,1.9602193471844223,1.1439545239768132,1.171299570767353,1.9602193471844223,1.1439545239768132,1.171299570767353
12.6,1.968831067718036,1.1679514493053136,1.280272901772,1.968831067718036,1.1679514493053136,1.280272901772
12.700000000000001,1.9763964811492358,1.1935674268848897,1.284864574463334,1.9763964811492358,1.1935674268848897,1.284864574463334
12.8,1.9828224028326424,1.2201987382278985,1.382562759595932,1.9828224028326424,1.2201987382278985,1.382562759595932
12.9,1.988258491949228,1.2480527927433052,1.3719288507444338,1.988258491949228,1.2480527927433052,1.3719288507444338
13,1.992692527839722,1.2765513657731329,1.4605120727516774,1.992692527839722,1.2765513657731329,1.4605120727516774
13.1,1.9962738768994597,1.3059788394603853,1.4376138021298335,1.9962738768994597,1.3059788394603853,1.4376138021298335
13.200000000000001,1.9990351069748977,1.335781938298422,1.5188799126345927,1.9990351069748977,1.335781938298422,1.5188799126345927
13.3,2.001107204022734,1.3663042152090052,1.4861670731676728,2.001107204022734,1.3663042152090052,1.4861670731676728
13.4,2.0025451821654996,1.3970118647483427,1.561594919322247,2.0025451821654996,1.3970118647483427,1.561594919322247
13.5,2.0034551164656933,1.4282917473770704,1.5210716774282562,2.0034551164656933,1.4282917473770704,1.5210716774282562
13.6,2.0039007982804136,1.459586935608744,1.5918644542025961,2.0039007982804136,1.459586935608744,1.5918644542025961
13.700000000000001,2.003963737126102,1.491057053233452,1.5451509673484174,2.003963737126102,1.491057053233452,1.5451509673484174
13.8,2.00371321800775,1.5224353089731961,1.6122740664727566,2.00371321800775,1.5224353089731961,1.6122740664727566
13.9,2.003214053353051,1.5538210187164636,1.5606647205687958,2.003214053353051,1.5538210187164636,1.5606647205687958
14,2.0025215814203587,1.5852451362802475,1.6248888787408422,2.0025215814203587,1.5852451362802475,1.6248888787408422
14.1,2.0016901813470476,1.6165676000808529,1.5694122168794387,2.0016901813470476,1.6165676000808529,1.5694122168794387
14.200000000000001,2.000758235122595,1.6480198515645168,1.6313420388789726,2.000758235122595,1.6480198515645168,1.6313420388789726
14.3,1.9997751980722218,1.6793001523322486,1.5727889542786222,1.9997751980722218,1.6793001523322486,1.5727889542786222
14.4,1.9987652230004544,1.7107708820118686,1.632916032212599,1.9987652230004544,1.7107708820118686,1.632916032212599
14.5,1.9977609669280112,1.7420261715663252,1.572916032212599,1.9977609669280112,1.7420261715663252,1.572916032212599
14.6,1.9967496877979003,1.7735000385404016,1.632916032212599,1.9967496877979003,1.7735000385404016,1.632916032212599
14.700000000000001,1.9957483895455375,1.8046632723676315,1.572916032212599,1.9957483895455375,1.8046632723676315,1.572916032212599
14.8,1.994742174969097,1.8359795161061878,1.632916032212599,1.994742174969097,1.8359795161061878,1.632916032212599
14.9,1.9937476261922782,1.8669326871633265,1.572916032212599,1.9937476261922782,1.8669326871633265,1.572916032212599
15,1.992750371627344,1.8979700700000337,1.632916032212599,1.992750371627344,1.8979700700000337,1.632916032212599
15.1,1.99200558893374,1.9194891140244645,1.6395935383880587,1.99200558893374,1.9194891140244645,1.6395935383880587
15.200000000000001,1.990564207511879,1.9281459356567996,1.8249967039992403,1.990564207511879,1.9281459356567996,1.8249967039992403
15.3,1.9870161131645172,1.939035170517772,1.9385442847402168,1.9870161131645172,1.939035170517772,1.9385442847402168
15.4,1.9810055698482192,1.9513732723554404,2.1054926506069584,1.9810055698482192,1.9513732723554404,2.1054926506069584
15.5,1.972219798415183,1.9647465787618812,2.19355676646824,1.972219798415183,1.9647465787618812,2.19355676646824
15.6,1.9607886916707666,1.9783335356567007,2.3444848786267904,1.9607886916707666,1.9783335356567007,2.3444848786267904
15.700000000000001,1.946612237322618,1.991876358217656,2.410007817858046,1.946612237322618,1.991876358217656,2.410007817858046
15.8,1.9300910852201525,2.004760851952733,2.546917385992851,1.9300910852201525,2.004760851952733,2.546917385992851
15.9,1.9111827371169865,2.016888787096872,2.592933923829914,1.9111827371169865,2.016888787096872,2.592933923829914
16,1.890415448860967,2.027850640485865,2.717847118597352,1.890415448860967,2.027850640485865,2.717847118597352
16.1,1.867718153948104,2.0376602805129753,2.7473564215600117,1.867718153948104,2.0376602805129753,2.7473564215600117
16.2,1.8436630491304564,2.046072782012335,2.862238133864425,1.8436630491304564,2.046072782012335,2.862238133864425
16.3,1.8181160009323791,2.0531598705226086,2.8781309920679,1.8181160009323791,2.0531598705226086,2.8781309920679
16.4,1.7916515475936519,2.0587957035775304,2.9848787208230845,1.7916515475936519,2.0587957035775304,2.9848787208230845
16.5,1.7640682973887587,2.0630651153388992,2.989995059619351,1.7640682973887587,2.0630651153388992,2.989995059619351
16.6,1.7359266777152476,2.065921218788669,3.0905416029572996,1.7359266777152476,2.065921218788669,3.0905416029572996
16.7,1.7069697551226133,2.067427091956243,3.087982031100891,1.7069697551226133,2.067427091956243,3.087982031100891
16.78,1.6835364875468934,2.0676538175145804,3.1246898951194373,1.6835364875468934,2.0676538175145804,3.1246898951194373
